,證券代碼,年月日,開盤價(元),最高價(元),最低價(元),收盤價(元),成交量(千股),成交值(千元),成交筆數(筆),流通在外股數(千股),本益比-TSE,股價淨值比-TSE
429,2610 華航,2018/12/28,10.9,11,10.8,11,"5,858","64,025","1,644","5,420,984",23.91,1.04
1407,2610 華航,2018/12/27,10.95,11,10.8,10.9,"6,658","72,618","1,512","5,420,984",23.7,1.03
2385,2610 華航,2018/12/26,10.9,10.95,10.85,10.9,"3,823","41,680",910,"5,420,984",23.7,1.03
3363,2610 華航,2018/12/25,11.1,11.1,10.85,10.9,"6,594","72,200","1,535","5,420,984",23.7,1.03
4341,2610 華航,2018/12/24,11.1,11.1,11,11.05,"4,943","54,720","1,512","5,420,984",24.02,1.05
5318,2610 華航,2018/12/22,11.1,11.1,11,11.05,"2,345","25,922",638,"5,420,984",24.02,1.05
6295,2610 華航,2018/12/21,11,11.1,10.9,11.05,"15,163","167,410","2,878","5,420,984",24.02,1.05
7272,2610 華航,2018/12/20,11.1,11.2,10.95,11.05,"10,034","111,384","2,134","5,420,984",24.02,1.05
8249,2610 華航,2018/12/19,11.25,11.3,11.1,11.15,"29,508","330,119","5,487","5,420,984",24.24,1.06
9226,2610 華航,2018/12/18,11,11.2,10.85,10.95,"20,868","229,945","3,968","5,420,984",23.8,1.04
10203,2610 華航,2018/12/17,10.7,11.05,10.7,11,"24,379","267,396","4,527","5,420,984",23.91,1.04
11179,2610 華航,2018/12/14,10.65,10.8,10.55,10.65,"9,748","104,166","2,851","5,420,984",23.15,1.01
12155,2610 華航,2018/12/13,10.6,10.7,10.6,10.7,"7,896","84,300","2,186","5,420,984",23.26,1.01
13131,2610 華航,2018/12/12,10.5,10.6,10.45,10.55,"7,893","83,143","2,206","5,420,984",22.93,1.0
14107,2610 華航,2018/12/11,10.5,10.6,10.4,10.45,"12,326","129,008","2,031","5,420,984",22.72,0.99
15082,2610 華航,2018/12/10,10.65,10.7,10.4,10.5,"12,983","136,476","2,195","5,420,984",22.83,0.99
16056,2610 華航,2018/12/7,10.65,10.85,10.6,10.8,"12,651","135,260","2,484","5,420,984",23.48,1.02
17030,2610 華航,2018/12/6,10.75,10.75,10.3,10.5,"21,524","225,349","3,440","5,420,984",22.83,0.99
18004,2610 華航,2018/12/5,10.65,10.85,10.6,10.75,"10,429","111,701","2,299","5,420,984",23.37,1.02
18978,2610 華航,2018/12/4,10.85,10.95,10.6,10.75,"27,297","293,787","6,027","5,420,984",23.37,1.02
19951,2610 華航,2018/12/3,11.25,11.35,10.8,10.9,"26,504","291,623","4,521","5,420,984",23.7,1.03
20924,2610 華航,2018/11/30,11.15,11.3,10.95,11,"22,027","243,878","3,912","5,420,984",23.91,1.04
21897,2610 華航,2018/11/29,11.2,11.3,11,11.2,"45,945","513,625","8,812","5,420,984",24.35,1.06
22870,2610 華航,2018/11/28,10.4,10.95,10.4,10.95,"71,942","775,307","10,546","5,420,984",23.8,1.04
23843,2610 華航,2018/11/27,10.25,10.3,10.15,10.3,"10,065","103,134","2,180","5,420,984",22.39,0.98
24813,2610 華航,2018/11/26,10.45,10.55,10.15,10.25,"19,909","206,003","3,549","5,420,984",22.28,0.97
25783,2610 華航,2018/11/23,10.1,10.2,10,10.05,"7,216","72,748","2,427","5,420,984",21.85,0.95
26753,2610 華航,2018/11/22,10.25,10.3,10.1,10.15,"7,004","71,009","1,843","5,420,984",22.07,0.96
27723,2610 華航,2018/11/21,10.15,10.25,10.1,10.25,"9,939","101,257","1,572","5,420,984",22.28,0.97
28693,2610 華航,2018/11/20,10.25,10.25,10.1,10.15,"9,421","95,926","1,619","5,420,984",22.07,0.96
29663,2610 華航,2018/11/19,10.3,10.4,10.25,10.3,"11,032","113,679","2,091","5,420,984",22.39,0.98
30633,2610 華航,2018/11/16,10.3,10.35,10.15,10.2,"8,434","86,272","1,734","5,420,984",22.17,0.97
31602,2610 華航,2018/11/15,10.3,10.3,10.1,10.25,"10,933","111,345","2,765","5,420,984",22.28,0.97
32571,2610 華航,2018/11/14,10.05,10.25,10.05,10.2,"22,842","232,172","5,244","5,420,984",22.17,0.97
33540,2610 華航,2018/11/13,9.84,9.95,9.72,9.95,"10,747","105,901","2,769","5,420,984",21.63,0.94
34509,2610 華航,2018/11/12,9.75,9.97,9.73,9.94,"19,610","194,538","4,139","5,420,984",21.61,0.94
35478,2610 華航,2018/11/9,9.8,9.83,9.59,9.65,"12,473","120,569","3,034","5,470,984",20.98,0.91
36447,2610 華航,2018/11/8,9.69,9.91,9.62,9.89,"21,966","214,956","4,532","5,470,984",12.36,0.94
37416,2610 華航,2018/11/7,9.62,9.68,9.56,9.65,"9,670","93,189","2,454","5,470,984",12.06,0.93
38385,2610 華航,2018/11/6,9.61,9.68,9.51,9.6,"9,205","88,277","2,105","5,470,984",12,0.93
39354,2610 華航,2018/11/5,9.44,9.62,9.39,9.57,"19,030","181,402","3,481","5,470,984",11.96,0.92
40323,2610 華航,2018/11/2,9.25,9.45,9.22,9.39,"13,844","129,407","2,208","5,470,984",11.74,0.91
41292,2610 華航,2018/11/1,9.27,9.27,9.16,9.19,"5,918","54,520","1,351","5,470,984",11.49,0.89
42261,2610 華航,2018/10/31,9.1,9.16,9.1,9.16,"6,609","60,444","1,763","5,470,984",11.45,0.88
43230,2610 華航,2018/10/30,9.13,9.13,9.05,9.13,"2,546","23,174",625,"5,470,984",11.41,0.88
44199,2610 華航,2018/10/29,9.04,9.13,9.03,9.07,"4,197","38,125","1,109","5,470,984",11.34,0.88
45168,2610 華航,2018/10/26,9.12,9.16,9,9.04,"10,452","94,538","2,396","5,470,984",11.3,0.87
46137,2610 華航,2018/10/25,9.14,9.16,9.08,9.12,"4,855","44,259","1,647","5,470,984",11.4,0.88
47106,2610 華航,2018/10/24,9.12,9.29,9.1,9.2,"7,834","72,113","3,083","5,470,984",11.5,0.89
48075,2610 華航,2018/10/23,9.12,9.17,9.11,9.12,"3,638","33,225",965,"5,470,984",11.4,0.88
49044,2610 華航,2018/10/22,9.1,9.23,9.07,9.17,"4,542","41,615","1,149","5,470,984",11.46,0.89
50013,2610 華航,2018/10/19,9.05,9.13,9.02,9.1,"9,298","84,504","1,156","5,470,984",11.38,0.88
50982,2610 華航,2018/10/18,9.09,9.17,9.07,9.07,"7,012","63,871","1,601","5,470,984",11.34,0.88
51950,2610 華航,2018/10/17,9.06,9.08,9.02,9.07,"5,632","50,957","2,106","5,470,984",11.34,0.88
52918,2610 華航,2018/10/16,9.02,9.08,9,9.04,"9,608","86,719","2,970","5,470,984",11.3,0.87
53885,2610 華航,2018/10/15,9.07,9.07,9,9.01,"9,930","89,637","2,806","5,470,984",11.26,0.87
54852,2610 華航,2018/10/12,8.98,9.15,8.97,9.07,"11,460","104,006","3,010","5,470,984",11.34,0.88
55819,2610 華航,2018/10/11,9.1,9.16,8.98,8.98,"29,240","264,439","6,681","5,470,984",11.23,0.87
56786,2610 華航,2018/10/9,9.3,9.4,9.26,9.4,"11,851","110,968","6,327","5,470,984",11.75,0.91
57753,2610 華航,2018/10/8,9.36,9.51,9.3,9.3,"16,687","157,284","2,722","5,470,984",11.63,0.9
58720,2610 華航,2018/10/5,9.3,9.4,9.16,9.4,"10,887","101,201","2,407","5,470,984",11.75,0.91
59687,2610 華航,2018/10/4,9.5,9.5,9.28,9.28,"11,678","109,056","3,478","5,470,984",11.6,0.9
60654,2610 華航,2018/10/3,9.39,9.55,9.38,9.45,"22,535","214,052","4,284","5,470,984",11.81,0.91
61621,2610 華航,2018/10/2,9.35,9.4,9.27,9.4,"6,432","60,030","1,775","5,470,984",11.75,0.91
62588,2610 華航,2018/10/1,9.25,9.35,9.25,9.35,"6,587","61,293","1,688","5,470,984",11.69,0.9
63555,2610 華航,2018/9/28,9.26,9.28,9.2,9.25,"12,201","112,656","2,211","5,470,984",11.56,0.89
64521,2610 華航,2018/9/27,9.26,9.29,9.24,9.27,"6,689","62,000","1,991","5,470,984",11.59,0.89
65487,2610 華航,2018/9/26,9.29,9.33,9.26,9.26,"10,062","93,424","1,607","5,470,984",11.58,0.89
66453,2610 華航,2018/9/25,9.3,9.37,9.26,9.29,"6,498","60,520","1,730","5,470,984",11.61,0.9
67419,2610 華航,2018/9/21,9.31,9.34,9.26,9.32,"8,922","83,038","2,043","5,470,984",11.65,0.9
68385,2610 華航,2018/9/20,9.31,9.33,9.28,9.28,"5,171","48,082","1,539","5,470,984",11.6,0.9
69350,2610 華航,2018/9/19,9.27,9.35,9.26,9.27,"6,175","57,466","2,248","5,470,984",11.59,0.89
70315,2610 華航,2018/9/18,9.21,9.29,9.21,9.23,"4,893","45,271","1,412","5,470,984",11.54,0.89
71280,2610 華航,2018/9/17,9.27,9.27,9.21,9.21,"3,545","32,720","1,525","5,470,984",11.51,0.89
72245,2610 華航,2018/9/14,9.28,9.28,9.21,9.27,"5,275","48,737","2,609","5,470,984",11.59,0.89
73210,2610 華航,2018/9/13,9.23,9.23,9.17,9.19,"6,852","62,993","1,652","5,470,984",11.49,0.89
74175,2610 華航,2018/9/12,9.18,9.22,9.13,9.21,"9,879","90,523","2,214","5,470,984",11.51,0.89
75141,2610 華航,2018/9/11,9.16,9.26,9.13,9.18,"11,207","102,887","4,215","5,470,984",11.48,0.89
76106,2610 華航,2018/9/10,9.24,9.24,9.15,9.16,"12,227","112,163","5,077","5,470,984",11.45,0.88
77071,2610 華航,2018/9/7,9.36,9.36,9.2,9.25,"14,886","137,895","4,234","5,470,984",11.56,0.89
78036,2610 華航,2018/9/6,9.36,9.41,9.3,9.41,"8,727","81,472","2,949","5,470,984",11.76,0.91
79001,2610 華航,2018/9/5,9.41,9.49,9.37,9.4,"7,361","69,338","2,146","5,470,984",11.75,0.91
79966,2610 華航,2018/9/4,9.35,9.54,9.35,9.44,"9,211","87,277","1,957","5,470,984",11.8,0.91
80931,2610 華航,2018/9/3,9.39,9.4,9.34,9.34,"3,440","32,223","1,089","5,470,984",11.68,0.9
81896,2610 華航,2018/8/31,9.37,9.41,9.3,9.41,"14,192","132,874","2,469","5,470,984",11.76,0.91
82861,2610 華航,2018/8/30,9.39,9.42,9.31,9.34,"6,946","64,981","1,729","5,470,984",11.68,0.9
83826,2610 華航,2018/8/29,9.41,9.46,9.36,9.39,"9,891","92,980","3,045","5,470,984",11.74,0.91
84791,2610 華航,2018/8/28,9.41,9.48,9.37,9.43,"12,049","113,619","2,491","5,470,984",11.79,0.91
85756,2610 華航,2018/8/27,9.44,9.45,9.37,9.4,"5,936","55,828","1,582","5,470,984",11.75,0.91
86721,2610 華航,2018/8/24,9.38,9.42,9.32,9.41,"8,267","77,610","1,938","5,470,984",11.76,0.91
87686,2610 華航,2018/8/23,9.44,9.51,9.3,9.41,"12,877","120,816","2,893","5,470,984",11.76,0.91
88651,2610 華航,2018/8/22,9.29,9.52,9.25,9.44,"12,650","118,995","2,675","5,470,984",11.8,0.91
89616,2610 華航,2018/8/21,9.14,9.29,9.14,9.29,"9,314","85,998","2,472","5,470,984",11.61,0.9
90581,2610 華航,2018/8/20,9.14,9.18,9.12,9.13,"7,617","69,588","2,052","5,470,984",11.41,0.88
91546,2610 華航,2018/8/17,9.19,9.23,9.12,9.12,"10,495","96,126","2,779","5,470,984",11.4,0.88
92511,2610 華航,2018/8/16,9.15,9.17,9.11,9.14,"8,105","74,103","2,042","5,470,984",11.43,0.88
93476,2610 華航,2018/8/15,9.2,9.25,9.15,9.15,"13,047","119,788","3,072","5,470,984",11.44,0.88
94441,2610 華航,2018/8/14,9.22,9.28,9.15,9.19,"17,008","156,533","3,895","5,470,984",11.49,0.89
95404,2610 華航,2018/8/13,9.48,9.48,9.11,9.22,"29,685","274,443","5,809","5,470,984",11.53,0.89
96367,2610 華航,2018/8/10,9.52,9.53,9.36,9.4,"21,423","201,856","4,560","5,470,984",8.55,0.91
97330,2610 華航,2018/8/9,9.69,9.69,9.44,9.44,"18,367","174,538","4,037","5,470,984",8.58,0.9
98293,2610 華航,2018/8/8,9.56,9.7,9.56,9.7,"10,466","100,556","2,267","5,470,984",8.82,0.92
99256,2610 華航,2018/8/7,9.49,9.56,9.41,9.56,"12,896","124,969","3,611","5,470,984",8.89,0.93
100219,2610 華航,2018/8/6,9.56,9.59,9.52,9.53,"7,515","73,436","1,546","5,470,984",8.86,0.93
101182,2610 華航,2018/8/3,9.64,9.65,9.51,9.55,"7,264","71,080","2,061","5,470,984",8.88,0.93
102145,2610 華航,2018/8/2,9.71,9.73,9.57,9.57,"3,857","38,032","1,374","5,470,984",8.9,0.93
103108,2610 華航,2018/8/1,9.68,9.71,9.58,9.71,"4,335","42,924","1,376","5,470,984",9.03,0.94
104071,2610 華航,2018/7/31,9.57,9.67,9.53,9.67,"7,638","75,019","2,146","5,470,984",8.99,0.94
105034,2610 華航,2018/7/30,9.68,9.68,9.57,9.57,"5,708","56,101","1,721","5,470,984",8.9,0.93
105997,2610 華航,2018/7/27,9.66,9.7,9.66,9.68,"6,347","62,844","1,823","5,470,984",9,0.94
106960,2610 華航,2018/7/26,9.68,9.69,9.63,9.65,"5,402","53,362","1,484","5,470,984",8.97,0.94
107923,2610 華航,2018/7/25,9.59,9.63,9.58,9.59,"4,877","47,903","1,983","5,470,984",8.92,0.93
108886,2610 華航,2018/7/24,9.58,9.62,9.56,9.58,"5,370","52,657","1,736","5,470,984",8.91,0.93
109849,2610 華航,2018/7/23,9.7,9.72,9.58,9.58,"9,674","95,409","1,966","5,470,984",8.91,0.93
110812,2610 華航,2018/7/20,9.57,9.72,9.54,9.62,"11,834","116,652","2,505","5,470,984",8.95,0.94
111775,2610 華航,2018/7/19,9.45,9.58,9.43,9.54,"9,026","88,016","2,408","5,470,984",8.87,0.93
112738,2610 華航,2018/7/18,9.36,9.42,9.31,9.39,"10,422","100,065","2,770","5,470,984",8.73,0.91
113701,2610 華航,2018/7/17,9.29,9.36,9.27,9.31,"11,871","113,049","2,565","5,470,984",8.65,0.91
114664,2610 華航,2018/7/16,9.41,9.41,9.26,9.29,"6,745","64,207","1,810","5,470,984",8.64,0.9
115627,2610 華航,2018/7/13,9.29,9.42,9.24,9.42,"11,700","111,527","2,544","5,470,984",8.76,0.92
116589,2610 華航,2018/7/12,9.19,9.25,9.18,9.24,"5,564","52,503","1,691","5,470,984",8.59,0.9
117551,2610 華航,2018/7/11,9.18,9.25,9.13,9.22,"6,910","65,031","1,937","5,470,984",8.57,0.9
118513,2610 華航,2018/7/10,9.24,9.26,9.14,9.2,"8,183","77,004","1,881","5,470,984",8.55,0.9
119475,2610 華航,2018/7/9,9.09,9.21,9.09,9.2,"5,126","47,961","1,668","5,470,984",8.55,0.9
120436,2610 華航,2018/7/6,9.16,9.19,9.09,9.1,"6,367","59,388","2,130","5,470,984",8.46,0.89
121397,2610 華航,2018/7/5,9.19,9.22,9.14,9.16,"4,732","44,432","1,944","5,470,984",8.52,0.89
122358,2610 華航,2018/7/4,9.19,9.19,9.12,9.16,"4,318","40,475","1,498","5,470,984",8.52,0.89
123319,2610 華航,2018/7/3,9.22,9.23,9.09,9.09,"14,966","139,935","4,198","5,470,984",8.45,0.88
124280,2610 華航,2018/7/2,9.31,9.32,9.21,9.23,"7,072","66,960","1,984","5,470,984",8.58,0.9
125241,2610 華航,2018/6/29,9.23,9.41,9.19,9.31,"5,799","55,173","1,622","5,470,984",8.65,0.91
126202,2610 華航,2018/6/28,9.34,9.34,9.22,9.22,"13,495","127,678","3,019","5,470,984",8.57,0.9
127163,2610 華航,2018/6/27,9.45,9.49,9.32,9.35,"11,665","112,070","3,476","5,470,984",8.69,0.91
128123,2610 華航,2018/6/26,9.6,9.63,9.4,9.45,"10,012","97,162","2,973","5,470,984",8.79,0.92
129083,2610 華航,2018/6/25,9.63,9.71,9.61,9.63,"5,017","49,479","1,713","5,470,984",8.95,0.94
130043,2610 華航,2018/6/22,9.75,9.75,9.6,9.63,"9,605","94,634","2,335","5,470,984",8.95,0.94
131003,2610 華航,2018/6/21,9.64,9.78,9.61,9.73,"5,431","53,888","1,785","5,470,984",9.05,0.95
131963,2610 華航,2018/6/20,9.78,9.83,9.59,9.65,"18,887","186,610","6,127","5,470,984",8.97,0.94
132923,2610 華航,2018/6/19,9.83,9.87,9.78,9.78,"10,410","104,358","3,074","5,470,984",9.09,0.95
133883,2610 華航,2018/6/15,9.83,9.92,9.78,9.92,"8,619","87,059","1,454","5,470,984",9.23,0.97
134843,2610 華航,2018/6/14,9.83,9.87,9.78,9.78,"10,674","107,266","3,183","5,470,984",9.09,0.95
135803,2610 華航,2018/6/13,9.87,9.92,9.83,9.83,"4,140","41,776","1,481","5,470,984",9.14,0.96
136763,2610 華航,2018/6/12,9.87,9.92,9.83,9.87,"4,841","48,806","1,329","5,470,984",9.18,0.96
137723,2610 華航,2018/6/11,9.92,9.97,9.87,9.87,"5,655","57,252","1,512","5,470,984",9.18,0.96
138683,2610 華航,2018/6/8,10.12,10.12,9.87,9.92,"9,315","94,929","2,106","5,470,984",9.23,0.97
139643,2610 華航,2018/6/7,9.97,10.17,9.97,10.12,"9,768","100,672","2,307","5,470,984",9.41,0.98
140603,2610 華航,2018/6/6,9.92,9.97,9.87,9.92,"5,755","58,418","1,617","5,470,984",9.23,0.97
141563,2610 華航,2018/6/5,9.83,9.97,9.83,9.92,"8,190","82,886","1,467","5,470,984",9.23,0.97
142523,2610 華航,2018/6/4,9.83,9.87,9.83,9.83,"5,388","54,199","1,862","5,470,984",9.14,0.96
143483,2610 華航,2018/6/1,9.83,9.87,9.83,9.83,"5,544","55,782","1,700","5,470,984",9.14,0.96
144443,2610 華航,2018/5/31,9.87,9.92,9.78,9.92,"11,059","111,696","1,809","5,470,984",9.23,0.97
145403,2610 華航,2018/5/30,9.92,9.92,9.78,9.83,"13,174","132,438","3,563","5,470,984",9.14,0.96
146363,2610 華航,2018/5/29,9.97,9.97,9.87,9.92,"4,025","40,862","1,346","5,470,984",9.23,0.97
147323,2610 華航,2018/5/28,9.83,10.02,9.83,9.97,"10,465","106,135","1,771","5,470,984",9.27,0.97
148283,2610 華航,2018/5/25,9.78,9.83,9.78,9.78,"6,161","61,690","1,989","5,470,984",9.09,0.95
149243,2610 華航,2018/5/24,9.83,9.83,9.78,9.78,"6,443","64,505","2,174","5,470,984",9.09,0.95
150203,2610 華航,2018/5/23,9.83,9.87,9.78,9.78,"5,894","59,126","1,559","5,470,984",9.09,0.95
151163,2610 華航,2018/5/22,9.78,9.97,9.78,9.78,"11,418","114,926","1,837","5,470,984",9.09,0.95
152123,2610 華航,2018/5/21,9.78,9.83,9.78,9.78,"6,741","67,535","1,628","5,470,984",9.09,0.95
153083,2610 華航,2018/5/18,9.78,9.87,9.78,9.78,"5,449","54,696","1,269","5,470,984",9.09,0.95
154043,2610 華航,2018/5/17,9.83,9.87,9.78,9.78,"6,586","66,163","2,077","5,470,984",9.09,0.95
155004,2610 華航,2018/5/16,9.83,9.87,9.78,9.83,"4,892","49,221","1,223","5,470,984",9.14,0.96
155965,2610 華航,2018/5/15,9.97,9.97,9.83,9.83,"8,790","88,975","2,193","5,470,984",9.14,0.96
156926,2610 華航,2018/5/14,10.02,10.07,9.92,9.97,"5,981","61,074","1,382","5,470,984",9.27,0.97
157887,2610 華航,2018/5/11,10.02,10.07,9.97,9.97,"6,768","69,260","1,136","5,470,984",9.27,0.97
158848,2610 華航,2018/5/10,10.07,10.12,9.97,9.97,"9,810","100,584","1,971","5,470,984",25.5,0.97
159809,2610 華航,2018/5/9,10.07,10.12,9.97,10.12,"9,944","102,082","1,797","5,470,984",25.88,0.99
160770,2610 華航,2018/5/8,10.07,10.17,10.02,10.07,"5,059","52,044","1,361","5,470,984",25.75,0.99
161730,2610 華航,2018/5/7,10.12,10.17,10.07,10.07,"5,121","52,938","1,290","5,470,984",25.75,0.99
162690,2610 華航,2018/5/4,10.07,10.22,10.07,10.12,"4,207","43,648","1,375","5,470,984",25.88,0.99
163650,2610 華航,2018/5/3,10.22,10.27,10.12,10.12,"5,584","58,123","1,691","5,470,984",25.88,0.99
164610,2610 華航,2018/5/2,10.56,10.56,10.22,10.27,"10,433","110,340","2,602","5,470,984",26.25,1.01
165570,2610 華航,2018/4/30,10.27,10.61,10.22,10.61,"14,110","151,361","2,146","5,470,984",27.13,1.04
166530,2610 華航,2018/4/27,10.22,10.22,10.12,10.22,"6,515","67,779","1,497","5,470,984",26.13,1.0
167489,2610 華航,2018/4/26,10.17,10.27,10.12,10.17,"8,727","91,063","2,110","5,470,984",26,1.0
168448,2610 華航,2018/4/25,10.17,10.22,10.07,10.17,"6,469","67,207","1,398","5,470,984",26,1.0
169407,2610 華航,2018/4/24,10.07,10.22,10.02,10.17,"10,552","109,099","1,786","5,470,984",26,1.0
170366,2610 華航,2018/4/23,10.22,10.27,10.02,10.07,"8,047","83,233","2,189","5,470,984",25.75,0.99
171325,2610 華航,2018/4/20,10.27,10.31,10.17,10.27,"7,995","83,404","2,283","5,470,984",26.25,1.01
172284,2610 華航,2018/4/19,10.22,10.31,10.22,10.27,"5,957","62,545","1,470","5,470,984",26.25,1.01
173243,2610 華航,2018/4/18,10.22,10.31,10.22,10.22,"5,280","55,358","1,113","5,470,984",26.13,1.0
174202,2610 華航,2018/4/17,10.36,10.36,10.17,10.22,"7,897","82,747","2,342","5,470,984",26.13,1.0
175161,2610 華航,2018/4/16,10.31,10.41,10.27,10.31,"4,164","43,978","1,172","5,470,984",26.38,1.01
176119,2610 華航,2018/4/13,10.41,10.46,10.31,10.31,"6,826","72,468","1,687","5,470,984",26.38,1.01
177076,2610 華航,2018/4/12,10.36,10.41,10.31,10.41,"6,909","73,258","2,013","5,470,984",26.63,1.02
178033,2610 華航,2018/4/11,10.46,10.46,10.27,10.27,"9,334","98,994","2,446","5,470,984",26.25,1.01
178990,2610 華航,2018/4/10,10.41,10.51,10.31,10.36,"8,374","89,018","2,265","5,470,984",26.5,1.02
179947,2610 華航,2018/4/9,10.36,10.56,10.36,10.51,"6,691","71,575","2,186","5,470,984",26.88,1.03
180904,2610 華航,2018/4/3,10.36,10.41,10.31,10.31,"7,686","81,285","2,633","5,470,984",26.38,1.01
181861,2610 華航,2018/4/2,10.56,10.61,10.46,10.51,"2,980","32,140","1,227","5,470,984",26.88,1.03
182818,2610 華航,2018/3/31,10.46,10.56,10.41,10.56,"4,541","48,836","1,087","5,470,984",27,1.04
183775,2610 華航,2018/3/30,10.41,10.46,10.36,10.41,"6,051","64,452","1,473","5,470,984",26.63,1.02
184732,2610 華航,2018/3/29,10.46,10.46,10.36,10.41,"6,168","65,586","2,163","5,470,984",26.63,1.02
185689,2610 華航,2018/3/28,10.51,10.51,10.41,10.46,"2,945","31,556",754,"5,470,984",26.75,1.03
186646,2610 華航,2018/3/27,10.51,10.56,10.46,10.51,"6,425","69,002","2,101","5,470,984",26.88,1.03
187603,2610 華航,2018/3/26,10.46,10.56,10.31,10.36,"10,820","115,398","2,285","5,470,984",26.5,1.02
188560,2610 華航,2018/3/23,10.46,10.61,10.46,10.51,"15,579","167,669","3,676","5,470,984",0,1.03
189517,2610 華航,2018/3/22,10.75,10.85,10.75,10.75,"5,549","61,199","1,547","5,470,984",0,1.06
190473,2610 華航,2018/3/21,10.8,10.85,10.75,10.75,"5,111","56,458","1,653","5,470,984",0,1.06
191429,2610 華航,2018/3/20,10.85,10.9,10.71,10.75,"25,569","281,172","4,128","5,470,984",0,1.06
192385,2610 華航,2018/3/19,10.95,11,10.85,10.85,"9,315","103,957","1,907","5,470,984",0,1.07
193341,2610 華航,2018/3/16,10.95,11,10.9,10.95,"9,651","108,077","2,005","5,470,984",0,1.08
194297,2610 華航,2018/3/15,11.05,11.15,10.9,10.9,"8,414","94,667","2,400","5,470,984",0,1.08
195253,2610 華航,2018/3/14,11,11.05,10.9,11,"5,445","61,112","1,186","5,470,984",0,1.09
196209,2610 華航,2018/3/13,10.95,11.05,10.95,11,"7,035","79,182","2,360","5,470,984",0,1.09
197165,2610 華航,2018/3/12,10.9,10.95,10.85,10.95,"4,916","54,920","1,608","5,470,984",0,1.08
198121,2610 華航,2018/3/9,10.85,11.05,10.85,10.85,"9,389","104,968","1,964","5,470,984",0,1.07
199077,2610 華航,2018/3/8,10.8,10.9,10.75,10.8,"7,786","86,119","2,200","5,470,984",0,1.07
200033,2610 華航,2018/3/7,10.8,10.9,10.8,10.8,"6,739","74,666","1,910","5,470,984",0,1.07
200989,2610 華航,2018/3/6,10.85,10.95,10.8,10.85,"8,448","93,837","1,989","5,470,984",0,1.07
201945,2610 華航,2018/3/5,10.95,11.05,10.8,10.8,"11,026","122,729","2,818","5,470,984",0,1.07
202901,2610 華航,2018/3/2,10.95,11.05,10.85,11,"11,265","126,170","2,722","5,470,984",0,1.09
203857,2610 華航,2018/3/1,11.1,11.15,11,11.05,"13,704","154,909","3,635","5,470,984",0,1.09
204813,2610 華航,2018/2/27,11.39,11.44,11.24,11.24,"10,598","122,708","2,384","5,470,984",0,1.11
205769,2610 華航,2018/2/26,11.19,11.44,11.15,11.39,"7,334","84,659","2,508","5,470,984",0,1.13
206725,2610 華航,2018/2/23,11.1,11.24,11.05,11.1,"8,986","102,360","4,063","5,470,984",0,1.1
207681,2610 華航,2018/2/22,11.15,11.15,10.95,11.05,"8,236","92,960","3,323","5,470,984",0,1.09
208637,2610 華航,2018/2/21,11.19,11.24,11.05,11.15,"11,068","125,695","4,071","5,470,984",0,1.1
209592,2610 華航,2018/2/12,11,11.1,10.95,11.05,"10,135","114,283","2,449","5,470,984",0,1.09
210547,2610 華航,2018/2/9,10.75,11.1,10.75,11,"14,312","159,892","3,185","5,470,984",0,1.09
211502,2610 華航,2018/2/8,11.44,11.54,11.29,11.39,"8,831","102,839","2,502","5,470,984",0,1.13
212457,2610 華航,2018/2/7,11.44,11.54,11.24,11.44,"13,227","154,183","3,177","5,470,984",0,1.13
213412,2610 華航,2018/2/6,11.15,11.34,10.9,11.15,"23,043","260,499","5,512","5,470,984",0,1.1
214366,2610 華航,2018/2/5,11.54,11.73,11.54,11.63,"8,555","101,730","2,038","5,470,984",0,1.15
215320,2610 華航,2018/2/2,11.93,12.03,11.83,11.88,"6,175","75,179","1,580","5,470,984",0,1.17
216273,2610 華航,2018/2/1,11.88,12.07,11.88,11.98,"12,622","154,873","2,417","5,470,984",0,1.18
217226,2610 華航,2018/1/31,11.98,11.98,11.78,11.83,"11,291","136,883","2,096","5,470,984",0,1.17
218179,2610 華航,2018/1/30,11.83,12.03,11.83,11.98,"9,308","113,354","1,966","5,470,984",0,1.18
219132,2610 華航,2018/1/29,12.07,12.07,11.83,11.83,"7,134","86,811","1,537","5,470,984",0,1.17
220084,2610 華航,2018/1/26,12.22,12.22,11.93,12.03,"8,829","108,443","2,125","5,470,984",0,1.19
221036,2610 華航,2018/1/25,12.27,12.37,12.17,12.22,"15,500","194,246","2,555","5,470,984",0,1.21
221988,2610 華航,2018/1/24,12.07,12.22,11.93,12.22,"10,256","126,976","2,135","5,470,984",0,1.21
222940,2610 華航,2018/1/23,11.98,12.12,11.93,12.07,"8,812","108,419","2,120","5,470,984",0,1.19
223891,2610 華航,2018/1/22,12.32,12.37,11.88,11.98,"15,148","187,036","3,131","5,470,984",0,1.18
224842,2610 華航,2018/1/19,12.37,12.42,12.22,12.32,"9,187","115,819","1,831","5,470,984",0,1.22
225793,2610 華航,2018/1/18,12.42,12.47,12.27,12.37,"10,903","137,869","2,675","5,470,984",0,1.22
226744,2610 華航,2018/1/17,12.27,12.42,12.17,12.37,"13,014","164,429","3,284","5,470,984",0,1.22
227695,2610 華航,2018/1/16,12.22,12.27,12.03,12.27,"8,726","108,760","2,119","5,470,984",0,1.21
228646,2610 華航,2018/1/15,12.51,12.51,12.22,12.22,"11,311","142,070","2,220","5,470,984",0,1.21
229597,2610 華航,2018/1/12,12.56,12.61,12.37,12.47,"13,757","175,928","3,234","5,470,984",0,1.23
230548,2610 華航,2018/1/11,12.32,12.51,12.27,12.42,"23,287","296,340","4,873","5,470,984",0,1.23
231499,2610 華航,2018/1/10,12.32,12.42,12.12,12.27,"18,446","231,718","3,534","5,470,984",0,1.21
232449,2610 華航,2018/1/9,12.07,12.32,12.03,12.32,"27,954","349,504","4,708","5,470,984",0,1.22
233399,2610 華航,2018/1/8,12.22,12.22,11.93,11.98,"9,654","119,019","2,688","5,470,984",0,1.18
234349,2610 華航,2018/1/5,12.22,12.22,12.07,12.22,"16,918","210,696","3,986","5,470,984",0,1.21
235299,2610 華航,2018/1/4,11.88,12.12,11.73,12.12,"29,695","363,873","7,034","5,470,984",0,1.2
236249,2610 華航,2018/1/3,11.83,11.93,11.73,11.83,"12,653","153,043","3,310","5,470,984",0,1.17
237198,2610 華航,2018/1/2,11.39,11.93,11.39,11.73,"27,179","325,679","3,520","5,470,984",0,1.16
